{"static-objects":[{"transform":{"size":{"x":690.0,"y":50.0},"center":{"x":-15.0,"y":500.0},"rotation":0.0},"components":{"Text":{"is-trigger":false,"margin":2.0}},"children":[],"name":"Ground1","active":true},{"transform":{"size":{"x":690.0,"y":50.0},"center":{"x":700.0,"y":450.0},"rotation":0.0},"components":{"Text":{"is-trigger":false,"margin":2.0}},"children":[],"name":"Ground2","active":true},{"transform":{"size":{"x":0.0,"y":0.0},"center":{"x":550.0,"y":100.0},"rotation":0.0},"components":{"Text":{"color":{"red":0,"green":0,"blue":0,"alpha":255},"text":"Dis is a Static Texto!","font":{"size":69,"name":"Monospaced","style":0}}},"children":[],"name":"Text2","active":true}],"game-objects":[{"transform":{"size":{"x":50.0,"y":100.0},"center":{"x":28.5,"y":346.36438},"rotation":0.0},"components":{"Text":{"lerp":0.14,"gravity":{"x":0.0,"y":420.0},"collider-type":0,"speed-damp":0.36}},"children":[{"transform":{"size":{"x":0.0,"y":0.0},"center":{"x":50.0,"y":100.0},"rotation":0.0},"components":{"Text":{"color":{"red":0,"green":0,"blue":0,"alpha":255},"text":"Lol","font":{"size":69,"name":"Monospaced","style":0}}},"children":[],"name":"Text1","active":true}],"name":"Player","active":true}],"name":null,"no-translate-objects":[{"transform":{"size":{"x":100.0,"y":100.0},"center":{"x":50.0,"y":100.0},"rotation":0.0},"components":{"Text":{"pressed-color":{"red":100,"green":100,"blue":100,"alpha":255},"normal-color":{"red":200,"green":200,"blue":200,"alpha":255},"over-color":{"red":188,"green":188,"blue":188,"alpha":255}}},"children":[{"transform":{"size":{"x":0.0,"y":0.0},"center":{"x":5.0,"y":45.0},"rotation":0.0},"components":{"Text":{"color":{"red":0,"green":0,"blue":0,"alpha":255},"text":"Save\n and\nExit...","font":{"size":24,"name":"Monospaced","style":0}}},"children":[],"name":"ButtonText","active":true}],"name":"Save and Exit Button","active":true}]}